<?xml version="1.0" encoding="UTF-8" ?>
<!DOCTYPE mapper
PUBLIC "-//mybatis.org//DTD Mapper 3.0//EN"
"http://mybatis.org/dtd/mybatis-3-mapper.dtd">
<mapper namespace="com.ruoyi.system.mapper.QrCodeRecordMapper">
    
    <resultMap type="QrCodeRecord" id="QrCodeRecordResult">
        <result property="id"    column="id"    />
        <result property="visitorId"    column="visitor_id"    />
        <result property="qrCode"    column="qr_code"    />
        <result property="creationTime"    column="creation_time"    />
    </resultMap>

    <sql id="selectQrCodeRecordVo">
        select id, visitor_id, qr_code, creation_time from qr_code_record
    </sql>

    <select id="selectQrCodeRecordList" parameterType="QrCodeRecord" resultMap="QrCodeRecordResult">
        <include refid="selectQrCodeRecordVo"/>
        <where>  
            <if test="visitorId != null "> and visitor_id = #{visitorId}</if>
            <if test="qrCode != null  and qrCode != ''"> and qr_code = #{qrCode}</if>
            <if test="creationTime != null "> and creation_time = #{creationTime}</if>
        </where>
    </select>
    
    <select id="selectQrCodeRecordById" parameterType="Long" resultMap="QrCodeRecordResult">
        <include refid="selectQrCodeRecordVo"/>
        where id = #{id}
    </select>

    <insert id="insertQrCodeRecord" parameterType="QrCodeRecord" useGeneratedKeys="true" keyProperty="id">
        insert into qr_code_record
        <trim prefix="(" suffix=")" suffixOverrides=",">
            <if test="visitorId != null">visitor_id,</if>
            <if test="qrCode != null and qrCode != ''">qr_code,</if>
            <if test="creationTime != null">creation_time,</if>
         </trim>
        <trim prefix="values (" suffix=")" suffixOverrides=",">
            <if test="visitorId != null">#{visitorId},</if>
            <if test="qrCode != null and qrCode != ''">#{qrCode},</if>
            <if test="creationTime != null">#{creationTime},</if>
         </trim>
    </insert>

    <update id="updateQrCodeRecord" parameterType="QrCodeRecord">
        update qr_code_record
        <trim prefix="SET" suffixOverrides=",">
            <if test="visitorId != null">visitor_id = #{visitorId},</if>
            <if test="qrCode != null and qrCode != ''">qr_code = #{qrCode},</if>
            <if test="creationTime != null">creation_time = #{creationTime},</if>
        </trim>
        where id = #{id}
    </update>

    <delete id="deleteQrCodeRecordById" parameterType="Long">
        delete from qr_code_record where id = #{id}
    </delete>

    <delete id="deleteQrCodeRecordByIds" parameterType="String">
        delete from qr_code_record where id in 
        <foreach item="id" collection="array" open="(" separator="," close=")">
            #{id}
        </foreach>
    </delete>
</mapper>